"ꏊ		",ox,ܓx
"َs		",41.8156832,140.6985673
"Dys		",43.06152031,141.3626307
"Ms		",43.15596287,141.0236984
